[
  {
    "_id": "5cc80c5ad35dedaa11771474",
    "_type": "block",
    "_parentId": "5cc80c5ad35dedaa1177146e",
    "_isAvailable": true,
    "_isOptional": true,
    "_trackingId": 1,
    "_classes": "",
    "body": "",
    "displayTitle": "",
    "title": "Block title",
    "_parallaxbgSwitcher": {
      "mobileSrc": "http://adapt.totaralms.com.s3.amazonaws.com/Assets/C008_A045/C008_A045_1a.jpg",
      "src": "http://adapt.totaralms.com.s3.amazonaws.com/Assets/C008_A045/C008_A045_1a.jpg"
    }
  },
  {
    "_id": "5cc80c5ad35dedaa11771470",
    "_type": "block",
    "_parentId": "5cc80c5ad35dedaa1177146e",
    "_isAvailable": true,
    "_isOptional": true,
    "_trackingId": 2,
    "_classes": "inverted",
    "body": "",
    "displayTitle": "",
    "title": "Block title",
    "_parallaxbgSwitcher": {
      "mobileSrc": "",
      "src": ""
    }
  },
  {
    "_id": "5cc80c5ad35dedaa1177146f",
    "_type": "block",
    "_parentId": "5cc80c5ad35dedaa1177146e",
    "_isAvailable": true,
    "_isOptional": true,
    "_trackingId": 3,
    "_classes": "",
    "body": "",
    "displayTitle": "",
    "title": "block title",
    "_parallaxbgSwitcher": {
      "mobileSrc": "http://adapt.totaralms.com.s3.amazonaws.com/Assets/C008_A045/C008_A045_3.jpg",
      "src": "http://adapt.totaralms.com.s3.amazonaws.com/Assets/C008_A045/C008_A045_3.jpg"
    }
  },
  {
    "_id": "5cc80c5ad35dedaa11771471",
    "_type": "block",
    "_parentId": "5cc80c5ad35dedaa1177146e",
    "_isAvailable": true,
    "_isOptional": true,
    "_trackingId": 4,
    "_classes": "",
    "body": "",
    "displayTitle": "",
    "title": "Block title",
    "_parallaxbgSwitcher": {
      "mobileSrc": "http://adapt.totaralms.com.s3.amazonaws.com/Assets/C006_A050/C006_A050_W.jpg",
      "src": "http://adapt.totaralms.com.s3.amazonaws.com/Assets/C006_A050/C006_A050_W.jpg"
    }
  },
  {
    "_id": "5cc80c5ad35dedaa11771472",
    "_type": "block",
    "_parentId": "5cc80c5ad35dedaa1177146e",
    "_isAvailable": true,
    "_isOptional": true,
    "_trackingId": 5,
    "_classes": "inverted",
    "body": "",
    "displayTitle": "",
    "title": "Block title",
    "_parallaxbgSwitcher": {
      "mobileSrc": "",
      "src": ""
    }
  },
  {
    "_id": "5cc80c5ad35dedaa11771473",
    "_type": "block",
    "_parentId": "5cc80c5ad35dedaa1177146e",
    "_isAvailable": true,
    "_isOptional": true,
    "_trackingId": 6,
    "_classes": "",
    "body": "",
    "displayTitle": "",
    "title": "Block title",
    "_parallaxbgSwitcher": {
      "mobileSrc": "http://adapt.totaralms.com.s3.amazonaws.com/Assets/C006_A050/C006_A050_Z.jpg",
      "src": "http://adapt.totaralms.com.s3.amazonaws.com/Assets/C006_A050/C006_A050_Z.jpg"
    }
  },
  {
    "_id": "5cc80c5ad35dedaa11771476",
    "_type": "block",
    "_parentId": "5cc80c5ad35dedaa1177146e",
    "_isAvailable": true,
    "_isOptional": true,
    "_trackingId": 7,
    "_classes": "",
    "body": "",
    "displayTitle": "Block title",
    "title": "Block title",
    "_parallaxbgSwitcher": {
      "mobileSrc": "",
      "src": ""
    }
  },
  {
    "_id": "5cc80c5ad35dedaa11771475",
    "_type": "block",
    "_parentId": "5cc80c5ad35dedaa1177146e",
    "_isAvailable": true,
    "_isOptional": false,
    "_trackingId": 8,
    "_classes": "",
    "body": "",
    "displayTitle": "",
    "title": "Block title",
    "_parallaxbgSwitcher": {
      "mobileSrc": "http://adapt.totaralms.com.s3.amazonaws.com/Assets/C008_A045/C008_A045_8bg.jpg",
      "src": "http://adapt.totaralms.com.s3.amazonaws.com/Assets/C008_A045/C008_A045_8bg.jpg"
    }
  }
]