[
  {
    "_id": "5cc80c5ad35dedaa1177146d",
    "_type": "page",
    "_parentId": "course",
    "_graphic": {
      "alt": "",
      "src": ""
    },
    "_isAvailable": true,
    "_isOptional": false,
    "_lockedBy": [],
    "duration": "",
    "linkText": "View",
    "_classes": "",
    "body": "",
    "displayTitle": "BEING DYNAMIC WITH TOTARA LEARN",
    "title": "BEING DYNAMIC WITH TOTARA LEARN",
    "_parallaxbgSwitcher": {
      "_isActive": true,
      "_bgoptions": "parallax"
    }
  }
]